"id","name","racecat","classid"
"q4NSkKLNNags","Lowrey, Steffanie","3","1"
"NRIL0Ewhq8A5","Korb, Ahmed","3","1"
"MPdP20IGD0RY","Donahoe, Lara","1","1"
"gVE1aG1afmYS","Jefcoat, Renita","1","1"
"MQTH6iD7ZpDF","Lyke, Ivelisse","2","1"
"JdyEP6rcykaM","Larkey, Janessa","2","1"
"86vW50dNE2Xo","Border, Madie","1","1"
"53dsPyYRZA2e","Shears, Valeria","1","1"
"xuemzQkTAeDG","Kandoll, Yolonda","2","1"
"bGuWodnIyb4L","Nystrom, Windy","2","1"
"UoelgSPq23WU","Mckernan, Dominique","1","1"
"UXCFYfIM6JGn","Marth, Ammie","3","1"
"MMNjGO4CtvlL","Au, Julia","3","1"
"uu2kWfacdkTz","Johansson, Kara","2","1"
"TmHp4HEwIgWH","Cajigas, Lorri","1","1"
"lvLNB5mgLrxj","Wedgeworth, Shanel","2","1"
"mVIu4BxvvAjA","Chess, Daniela","2","1"
"Hk7d3J4GgKqs","Terhaar, Von","1","1"
"5jc03NzJgmOf","Izaguirre, Scott","2","1"
"8hqpGnHHWW7k","Ingrassia, Caprice","2","1"
"7IZQYBJ9ldvS","Oliveri, Deja","2","1"
"zCHdOwxwnpUK","Noggle, Fritz","2","1"
"5Pe8c9rHidi8","Sigg, Cindie","3","1"
"QrrNWc4Tnnx6","Sparano, Myrtle","2","1"
"Q8TyOISNQqfa","Ohair, Alvaro","1","1"
"ZYs7zTOTqlcj","Overcash, Lecia","3","2"
"zGOHtnAwk0ho","Sidener, Cherryl","3","2"
"lTaPcPMtpL8X","Yeaton, Leon","3","2"
"XGA8Dm6pykZ2","Lammers, Jayme","3","2"
"8tm2JDgYG93p","Moulton, Rodrick","1","2"
"bQNy8BRjDRai","Cava, Linette","1","2"
"NrGG2djUsrzJ","Hanline, Jamaal","3","2"
"zOlIvDODQB2t","Knisely, Tamera","3","2"
"RJ7vbfpP7qOZ","Sonnier, Shu","3","2"
"D6LXV40W5b0P","Sweatman, Penelope","2","2"
"6Ix4aPv0yoec","Araiza, Johnna","3","2"
"nWo10rvUiHeW","Tutino, Kami","2","2"
"yDc6sS8xo9pR","Mclane, Stormy","1","2"
"3K2oSMDbptQS","Barron, Lael","2","2"
"hYfa3Sf0WCzm","Lu, Florentino","3","2"
"mn5trKmxGQeK","Billingslea, Risa","3","2"
"igKRtEdXK6UB","Fitzgibbons, Jeraldine","3","2"
"4OYk6VUrLA8m","Kennan, Shaquita","1","2"
"iZSxBvEtJp0V","Hix, Timmy","3","2"
"zlPYDZ0rN11A","Funk, Del","3","2"
"qt3Lqna79L6t","Conti, Idella","2","2"
"SzMBLadxSTev","Lowman, Elvina","2","2"
"LrR8tN6g0pmd","Donelson, Sharda","1","2"
"5P5ES9vvnUmC","Walczak, Lenore","2","2"
"Qs6DljyHy5zJ","Marti Wetherby,","2","2"
"CtxQbzsZTZ9z","Lauria, Delphine","1","2"
"dq1DU3686sTi","Abramowitz, Dario","3","2"
"RxDzBwUYpyGq","Darrell, Ena","3","2"
"yYMwYF4v2mD6","Obyrne, Len","1","2"
"vwshJl0gckkZ","Whelpley, Wes","3","2"
"p5ecVoP8cxyJ","Kiely, Davida","1","2"
"LYZCKePc1umA","Lancaster, Asuncion","2","2"
"yqecTUtHpYEF","Grossi, Lakeshia","2","2"
"cHZeGdJrA9Yi","Horsley, Jerrold","3","2"
"RZjvHuc289MH","Alberti, Gwyn","1","2"
"kqQcqdaGkN2j","Messerly, Patrice","1","3"
"4lpEmFuwFmcM","Due, Berniece","3","3"
"fN5kkvnuk4wa","Mcnickle, Rochell","1","3"
"y1jRgxlwJyd9","Goodson, Renee","1","3"
"XkPCWdu4PPKp","Rister, Maude","3","3"
"zlelM5j61348","Amundson, Marlene","2","3"
"E9Ebn1rs9ce6","Ochoa, Mabel","1","3"
"F6thQqopM9Gw","Metzer, Flavia","1","3"
"wKHHP41xe5Co","Amerman, Eliza","1","3"
"noJfZJgqYMU0","Corvin, Deonna","3","3"
"solklQAfWQ9Z","Bull, Carlo","1","3"
"HQge3lWRvG2v","Aleman, Alaine","1","3"
"EY0WvtJTl1fn","Brayboy, Terrie","3","3"
"eUye0TtGQZfV","Clear, Sierra","2","3"
"J0mg4wrOLCPg","Vinyard, Joaquin","3","3"
"aCFpO22q7i3Z","Mcloud, Alissa","2","3"
"MStXQZJa42Zd","Knobel, Simone","1","3"
"O2BpGEQYEAAy","Schwartzkopf, Twyla","2","3"
"1WnFYoNqFVVw","Tanguay, Frank","2","3"
"fMmwRgDIqKsY","Beans, Arleen","2","3"
"pByOjXMdbTQi","China, Wan","3","3"
"LpLrcOYsWXyJ","Aldaco, Mary","3","3"
"d40z71s0XP0h","Heesch, Sheryl","3","3"
"5Zf74hyIB3zM","Stanback, Darcey","2","3"
"t8POW1NIjUDt","Claro, Breann","1","3"
"0G2tyAB8Ubfs","Tousant, Roosevelt","3","3"
"O1lUQllHwLHM","Feliciano, Junie","2","3"
"rcX2l3LVo0Px","Urbanek, Joycelyn","2","4"
"uDG9caUv8how","Dodds, Tobi","1","4"
"I3mh4ypoWUCt","Marlowe, Chastity","1","4"
"nuRhPWH5YNv6","Gibbens, Charis","1","4"
"cbHdfeETnEC0","Nason, Reginia","1","4"
"ianhLBIxZeBH","Piscitelli, Lavonia","1","4"
"OHpD14oaUBNn","Bartleson, Astrid","1","4"
"9vIqEsj7Bfmo","Eslick, Daina","3","4"
"qgdELtlVhV2N","Shawgo, Marlin","3","4"
"Og5hR2HhjPim","Moroney, Thea","3","4"
"l7d1foa0kk7u","Delapaz, Roselee","1","4"
"Zp88rm7C5lzF","Pigford, Jonathan","1","4"
"f0q3laGgATgz","Fagg, Jamaal","2","4"
"XzzLZlNNIJFF","Eickhoff, Novella","3","4"
"D2OuBc0GQsPz","Gorelick, Jeannie","2","4"
"u2W7N5fewvt3","Mcbay, Maurice","1","4"
"SA3h5AaR8FrF","Vandemark, Juliet","2","4"
"2NCQdXvuvVW0","Chappel, Luciano","1","4"
"RH1qhW6mKze3","Bassin, Machelle","1","4"
"3VzOe40uV0pA","Kling, Milagro","2","4"
"NyK7IvPMqGnn","Mcintire, Ayako","1","4"
"0AitRn1EQmHN","Laforest, Neoma","2","4"
"n6uoP2JZ2MQI","Ruggeri, Lisha","2","4"
"csdHFHRQGAZ6","Phung, Darcel","2","4"
"VA7aTz7qN0eU","Meister, Altagracia","3","4"
"vdoIe0bB7vJc","Fujii, Asley","3","4"
"gXlGZ5sM1z8B","Wei, Roland","2","4"
"7QnqWblnUkRW","Falkowski, Carri","1","4"
"HzOkQzqfaWfQ","Tift, Winford","1","4"
"H3pvG1Wqlgx7","Uvalle, Osvaldo","2","4"
"eWfVtOjz9yOz","Dewolfe, Nancy","2","4"
"7NmBI7xSPRxx","Super, Jordon","3","4"
"jeCONZf3DX7A","Gillogly, Janie","3","4"
"RUpvkV5Jpyg2","Gately, Hong","2","5"
"QoCY08YbiqlI","Charboneau, Lucinda","3","5"
"dbHqfdFZZQNh","Dollard, Danette","1","5"
"fEwwZahupz8U","Cerrone, Kristine","2","5"
"XKTkCWKIGEMI","Rieder, Dick","1","5"
"EcrL3FyiyG9d","Dargan, Shawanna","1","5"
"FW79ph8bN1F6","Gardiner, Jerrell","2","5"
"22sS5PEafl6s","Croy, Laverne","3","5"
"MWDW4uNov660","Dunlop, Mariano","3","5"
"FZKHq8Zr9yGM","Holsapple, Wes","3","5"
"OkTNMiRT26XS","Dendy, Stephane","1","5"
"qheqhYwuMlb8","Calico, Lorretta","3","5"
"RXedfX5r3HPt","Derry, Melaine","1","5"
"GW3k9pNW4FEx","Melugin, Domenic","1","5"
"vZFe90AqTZYV","Bastian, Rochell","3","5"
"kfxgUxYX6hnV","Hosley, Hannelore","2","5"
"GHk0E8hk9JD7","Fagen, Raguel","3","5"
"2uYJa4f8Brwy","Pascale, Rosetta","2","5"
"0J1mutsEXBOK","Gandara, Hisako","1","5"
"9yq9C89fwPr3","Melito, Ilene","3","5"
"FrkrGVzeeSgy","Amesquita, Vickie","1","5"
"H6h0SQe2tQDs","Mccarver, Janel","3","5"
"9PBJQxVlwhMV","Mcmillon, Temika","2","5"
"acc6H8tFBQSe","Johansen, Sherron","3","5"
"QuTZuOI40ho5","Biggs, Jesus","3","5"
"igzd4DiQ2Cij","Nolf, Jann","3","5"
"dtyAhUgFNTUT","Ettinger, Dudley","3","5"
"cv7hLR0zg6Zy","Birmingham, Verlene","3","5"
"JzrvgaZybISG","Demott, Kathie","3","5"
"iG0ToBRvOmtR","Silvernail, Lionel","3","5"
"4KEq3LPoxW8o","Cowherd, Wyatt","1","6"
"k5oxgppqUWKy","Parmley, Mike","1","6"
"silDnk6ZeKTz","Holcomb, Lucinda","3","6"
"a3Q6AhU6xYjl","Sickles, Santo","1","6"
"lVDkXxK6g8P0","Pinard, Alline","3","6"
"0em1m4QtQEbj","Perrotti, Viva","2","6"
"ANQTW81MhuOK","Swartz, Miki","2","6"
"bRxzA9IRAno8","Karlson, Devin","1","6"
"xDRStaMMW7sm","Leader, Meredith","1","6"
"Erh0krPpNAcT","Vanburen, Kareen","2","6"
"LkWvp2wwqAX3","Gumm, Claudio","3","6"
"9SI5DkpSDJtt","Hinkle, Lakenya","1","6"
"PIGrkG6hS4Bx","Nastasi, Kristi","2","6"
"6AGFXKNj5lhO","Brixey, Patty","3","6"
"U2gAD4BUydez","Mosier, Marty","2","6"
"y9shrkBd3C96","Sipes, Erin","2","6"
"Y6yM8nMXl7Av","Saulters, Refugio","1","6"
"tPtdrzaOcNTS","Schweitzer, Arvilla","2","6"
"XrrcLjvWL7Pz","Verrill, Brittani","2","6"
"u5mY4x9bTbv3","Huhn, Ginger","2","6"
"HpHpNBazMk76","Mcgee, Lucille","3","6"
"poPAZvzmsxag","Leveille, Robbin","1","6"
"KQQ0K5aItj1U","Maddux, Flavia","3","6"
"0pF9vvh0UwYA","Kaye, Tonie","2","6"
"YrlJIwidSGZH","Villeda, Tasia","1","6"
"xZOgjFGYia0K","Wash, Billye","3","6"
"AnNMv7NMreVL","Guenther, Keira","3","6"
"h2k8jVmq3tB5","Delgado, Teddy","3","6"
"zCUb0f5QjK5F","Bundren, Milda","2","6"
"BvNqpZDYa6d3","Wittman, Ronda","1","6"
"QBTuR54mSwnZ","Johnsrud, Krystal","2","7"
"AagIzR79R7Or","Felix, Ima","1","7"
"HkE8XOQyKlWZ","Randazzo, Verlie","2","7"
"SdG8jAbaYJiU","Fukushima, Felisha","1","7"
"teinc3CoV637","Mcdowell, Rosamond","1","7"
"98NsGr1PkBep","Sosnowski, Hans","2","7"
"tHgrQ5LWUwWT","Bruni, Hermila","1","7"
"ROJoQZACKp4J","Coston, Rosa","1","7"
"6h5HBaDPtvGd","Reeb, Patricia","2","7"
"k2Zaaj3j0BE4","Dolphin, Britney","1","7"
"PBWkAoahHWOF","Imboden, Brendon","1","7"
"PTujvVlZlHUR","Arthurs, Luanna","1","7"
"l56dZ2ztnpHm","Shoop, Phuong","3","7"
"Lz4PDESnTvmY","Mcmullan, Gwenn","2","7"
"xWrSPhFtMMWu","Slavin, Claris","1","7"
"Gipa7OlpK3d6","Ayers, Lamont","1","7"
"YmBuj7L9rJIG","Towles, Rosalyn","2","7"
"65uwfKea27MS","Callaghan, Dwain","3","7"
"RrOtJRIPHfQ1","Mccullen, Elenor","1","7"
"C0jBW6igVMZ6","Mcfarling, Deb","2","7"
"YBtKK8qK7C6y","Tharpe, Louie","1","7"
"vfJLXPrFAfu0","Gatz, Melda","2","7"
"lZMaB6IFq3vf","Capuano, Eustolia","3","7"
"bRhLJUXyAPyH","Laura, Laronda","2","7"
"ztq1ugwf4ahs","Snook, Dacia","2","7"
"4j6FdxOtv2xv","Mcgregor, Salina","1","7"
"jBpo8I6uijcb","Pierri, Jasmine","2","7"
"xJO4Cmy48mZW","Strickland, Elias","2","7"
"TMOq1qHprDAu","Mccrary, Ned","1","7"
"0fZImi1R4qGL","Caroll, Vickie","2","8"
"K1nIcnZ4jcaO","Vanscyoc, Selene","1","8"
"du0Gky1zyzOn","Pollock, Alita","1","8"
"oZI7tp28ZnHH","Brittian, Cleopatra","2","8"
"GhC8qbcqZYFv","Cribbs, Bryan","2","8"
"nUnkvGyPh12R","Halperin, Lizabeth","1","8"
"litu8e2P6NZi","Wykoff, Usha","1","8"
"z0Rf47eTrt0C","Gloss, Teisha","3","8"
"iZYGiT92ZWSO","Roach, Katy","2","8"
"NRjjjBl4Bg5l","Wehmeyer, Marc","3","8"
"53MxKmY49t86","Fisher, Dean","2","8"
"8KIxwttdC0a8","Degraw, Blair","3","8"
"CiZc8rsYPqyg","Boothby, Lilliana","2","8"
"FBbyucw56YmG","Hurlbut, Vanessa","1","8"
"S6DxZWNHVkPB","Stapp, Asuncion","2","8"
"5TyNvAnBGaq2","Liston, Junior","3","8"
"WD6xfucRbA1z","Choice, Cherri","2","8"
"DxyoR0hUmTqM","Hernadez, Darlena","2","8"
"8b52xue3HI2v","Lothrop, Hunter","1","8"
"2zdDE422qr57","Dempster, Ilene","1","8"
"M6QpOdKPYsKd","Adolphson, Rosa","2","8"
"xpkyGwGLPWxC","Carlo, Donald","2","8"
"bUhnIZK5o6P9","Newquist, Margart","3","8"
"mBCTTdm4lwgc","Guimond, Florinda","1","8"
"hSH2A0XuKddd","Keiper, Nakita","1","8"
"Fg6iTORKX1Z8","Marrone, Elane","3","8"
"da9aJf3U25Vx","Hosmer, Williams","2","8"
"d2Q9k01ARtmX","Fye, Angel","3","8"
"HQIIBHToaouC","Tomko, Waldo","1","8"
"fGn5reRHw2Ee","Arnwine, Lawrence","2","8"
"1aQTyTSFQghQ","Aranda, Enedina","3","8"
"LoNaqWifYauZ","Puchalski, Lourdes","1","9"
"rg3G99bRyLPD","Belote, Johnette","3","9"
"PndCy0bf8wBP","Cerezo, Vinita","1","9"
"nGGUAkLC86DC","Kenney, Anitra","3","9"
"aqYebp1EG7H9","Winner, Piper","3","9"
"MRfUBnBx8dFe","Maney, Erich","3","9"
"5pQ4Xnbgr7DB","Hiner, Suzi","1","9"
"jEpoZ6PGTble","Orcutt, Osvaldo","3","9"
"eB0l1CcX3IY5","Keeth, Collen","3","9"
"3IDcKeplwRjF","Winnie Gilyard,","1","9"
"T0PwkEZOLTYo","Ferdinand, Jewell","1","9"
"l2iDFsgGYuVx","Patlan, Victor","2","9"
"Q4Ku0aixV1mc","Poirer, Michale","1","9"
"U2Okm8nyzThq","Raschke, Marco","3","9"
"OIuT6qCGXHx9","Canales, Ardell","1","9"
"snJ7W72uNVEa","Stillson, Sammie","3","9"
"CKXpWKZmgx1X","Blackshire, Michiko","3","9"
"Tq6B3WqWgnyi","Renzi, Gilma","2","9"
"pEy3FUMt19Ek","Mento, Rose","2","9"
"aCa0YsLP0S3E","Burfield, Stefany","1","9"
"TmLeWf940F6q","Cardillo, Adena","1","9"
"1QSmSI4H6Uzn","Peak, Sherlyn","2","9"
"rv8Dw7RlYWUX","Rosin, Fae","3","9"
"VWDMb0iRPQTN","Gentle, Valencia","1","9"
"WRHgJ9kQjxxo","Mcguigan, Lauralee","2","9"
"9R57QZao0aQT","Simes, Salina","1","9"
"FRnZp12pZ3pZ","Bosh, Conchita","1","10"
"Cur7ZAoNGgjQ","Snedden, Shizue","2","10"
"0xD5iIdjzv7i","Mooneyham, Cherrie","2","10"
"mzbd1LfwVHaq","Perron, Velva","2","10"
"I8MbU86T2i8w","Ericson, Alec","3","10"
"G4oreeTVZCRT","Cramer, Ayako","3","10"
"hFFoMnVU2Cc4","Kenison, Glen","3","10"
"K077e1iozwDB","Hann, Riva","3","10"
"zcTvs5qnYVtr","Gimbel, Bibi","2","10"
"X2FC19JPuSeW","Verret, Kieth","2","10"
"fUA3qcVNzsju","Transue, Camelia","1","10"
"S7TmN8ELYic6","Kirsch, Librada","1","10"
"3wy5rBYJHqu4","Bontrager, Afton","3","10"
"GX0l5qsWPbdH","Geoghegan, Duane","3","10"
"HyOQ16Ec3SHH","Leto, Fausto","3","10"
"thOAHs5kKdGY","Buteau, Bridget","1","10"
"91ENGfZ33DlP","Tseng, Leora","3","10"
"bckrr1gwbTMm","Barnhill, Allie","3","10"
"vmIhHHmaee5Z","Toews, Nathalie","3","10"
"laDu3MpYVz8G","Moody, Kimiko","3","10"
"M3pCTmbMLote","Booze, Eliz","2","10"
"V8uv5kYXzGcY","Beltz, Lakia","2","10"
"21PdKcEmU0Vt","Macklin, Daisy","3","10"
"qn5RBcwmTxEd","Cookingham, Rayford","2","10"
"vhft4C9i2Qut","Spore, Debera","3","10"
"kUvYANbUyGKW","Bruns, Dorene","3","10"
"O0bRyOh5eAH7","Tadeo, Chelsey","3","10"
"fanjnJYlEE71","Mccallum, Johna","1","10"
"RGBdOk7bEbkX","Ferland, Minda","2","10"
"jb9OR3owwBVj","Rennie, Evan","1","10"
"d7Rn5ktOdbrC","Henthorn, Paulene","3","10"
"VAs969yI0lqr","Svoboda, Veronica","1","10"
"itQhhSDGsedN","Grinder, Alanna","2","10"
"YqdIQSw3640d","Cleary, Annmarie","2","10"
